id,text,quality_score,depth,parent_id,iteration,reasoning,actionability_score,engagement_score,virality_score
idea_1_0,"Weekly AI Innovations Roundup: Create a series of posts highlighting the latest advancements in AI technology, including case studies, research breakthroughs, and industry news.",8.0,0,,1,This keeps your audience informed and positions your startup as a thought leader in the AI space.,8.5,7.5,8.0
idea_1_1,"Founder Spotlight Series: Interview fellow startup founders in the AI space and share their stories, challenges, and successes, encouraging engagement through comments and shares.",8.0,0,,1,"Spotlighting peers fosters a sense of community and encourages interactions among founders, resulting in higher engagement.",8.0,8.5,7.5
idea_1_2,"AI-Driven Networking Events: Host virtual networking events using AI tools to connect professionals in the industry, sharing insights and experiences in real-time.",8.0,0,,1,"Using AI for networking can showcase your product's capabilities while providing value to the audience, leading to increased shares.",8.0,8.5,7.5
idea_1_3,"Interactive AI Challenges: Launch a monthly AI challenge where professionals can submit solutions to real-world problems, fostering community engagement and showcasing talent.",9.0,0,,1,"Challenging your audience not only engages them but also highlights the innovative capabilities of AI, driving discussions.",9.0,8.5,9.0
idea_1_4,"Behind-the-Scenes Development Diaries: Share weekly updates on the journey of developing your AI product, detailing successes, failures, and lessons learned to create transparency and relatability.",9.0,0,,1,Transparency in your development process builds trust and can resonate deeply with aspiring founders and tech enthusiasts.,8.5,9.5,9.0
idea_2_0,"Weekly AI Innovation Spotlight: Feature a post that highlights a specific AI innovation or tool each week, accompanied by a call-to-action for followers to share their experiences or ideas on how it can be applied in their industries.",8.5,1,idea_1_3,2,Spotlighting innovations encourages knowledge sharing and positions the startup as a resource hub.,8.5,9.0,8.0
idea_2_1,"AI-Powered Networking Events: Organize virtual networking events where participants can discuss AI solutions to common challenges in their fields, with breakout sessions for deeper conversations and collaboration opportunities.",8.5,1,idea_1_3,2,"Networking events facilitate collaboration and community building, essential for engagement.",8.5,9.0,8.0
idea_2_2,"Success Story Series: Create a monthly series showcasing startups or professionals who successfully implemented AI solutions, detailing their journey, challenges faced, and tangible results, encouraging others to share their stories.",8.5,1,idea_1_3,2,"Success stories inspire others and demonstrate the real-world impact of AI, prompting discussions.",8.0,9.0,8.0
idea_2_3,"AI Debate Forum: Launch a monthly forum where industry experts and followers can engage in debates on controversial AI topics, encouraging comments and shares while positioning the startup as a thought leader in the AI community.",8.0,1,idea_1_3,2,"Debate forums stimulate engagement through differing opinions, enhancing visibility and interaction.",7.5,8.0,8.5
idea_2_4,"Gamified Learning Modules: Develop a series of interactive learning modules or quizzes related to AI, where participants can earn points or badges for completing challenges, fostering a sense of achievement and community involvement.",8.5,1,idea_1_3,2,"Gamified modules make learning fun and engaging, driving participation and increasing brand loyalty.",8.5,9.0,8.0
idea_3_0,"Weekly 'Lessons Learned' Video Series: Create short video clips summarizing key takeaways from each weekâ€™s development challenges, highlighting practical solutions and encouraging viewer interaction.",8.5,1,idea_1_4,3,"Visual content tends to drive higher engagement, and summarizing lessons learned in a digestible format can foster a strong community of aspiring entrepreneurs.",8.5,9.0,8.0
idea_3_1,"Founder Q&A Sessions: Host live sessions where founders can answer questions from the audience about the development process, taking real-time feedback and fostering community engagement.",8.5,1,idea_1_4,3,"Live interactions humanize the brand and allow potential customers and fellow founders to connect directly, fostering loyalty and interest.",8.5,9.0,8.0
idea_3_2,"User-Centric Design Updates: Share insights on how user feedback has shaped product iterations, showcasing specific changes made based on community input to create a sense of partnership.",8.5,1,idea_1_4,3,"Demonstrating responsiveness to user feedback builds trust and shows that the startup values its community, which can lead to increased advocacy.",8.5,9.0,8.0
idea_3_3,Milestone Celebrations: Celebrate and share significant milestones in product development with engaging graphics and storytelling to evoke excitement and encourage shares.,8.5,1,idea_1_4,3,"Celebrating milestones can generate excitement and shareability, encouraging followers to become evangelists for the brand and its journey.",8.0,9.0,8.5
idea_3_4,"Collaborative Innovation Challenges: Invite the LinkedIn community to propose features or improvements for your AI product, creating a collaborative environment that encourages participation and investment in the product's future.",8.0,1,idea_1_4,3,"Engaging the community in product development not only generates ideas but also builds a sense of ownership and investment in the product, driving organic sharing.",7.0,9.0,8.0
idea_4_0,"AI-Powered Weekly Trend Analysis: Analyze and present the top three emerging trends in AI every week, complete with expert opinions and actionable insights for startups.",8.5,1,idea_1_0,4,This keeps the audience updated on what to focus on and positions the startup as a knowledgeable leader in the evolving AI landscape.,8.5,9.0,8.0
idea_4_1,"AI Success Stories Spotlight: Feature a weekly post that dives deep into a successful AI implementation case study, detailing the problem, solution, and results to inspire other founders.",8.5,1,idea_1_0,4,"By showcasing real-world applications, this content can motivate and guide other startups on their AI journeys, making the posts more relatable.",8.5,9.0,8.0
idea_4_2,"Interactive AI Tools and Resources: Curate and share a list of the best free AI tools, platforms, and resources each week, encouraging founders to engage by sharing their experiences with these tools.",8.5,1,idea_1_0,4,Engaging with interactive content can increase shares and comments as founders share their own tool experiences and recommendations.,8.5,9.0,8.0
idea_4_3,"AI Myth-Busting Series: Create a bi-weekly series that debunks common misconceptions about AI, providing evidence-backed explanations and inviting discussions in the comments.",8.5,1,idea_1_0,4,"Addressing myths can stimulate conversation and debate, leading to increased engagement while educating the audience on AI's true capabilities.",8.5,9.0,8.0
idea_4_4,"Founder's Corner: Weekly AMA Sessions: Host a weekly 'Ask Me Anything' session where founders can ask questions about AI strategies, fostering community engagement and positioning your startup as a go-to resource.",8.5,1,idea_1_0,4,"By creating a direct line of communication with the audience, this approach builds trust and community, which can enhance brand loyalty and engagement.",8.5,9.0,8.0
